,Accuracy_DO_BN,Time_DO_BN,F1_DO_BN,Accuracy_BN,Time_BN,F1_BN,Accuracy_DO,Time_DO,F1_DO,Accuracy_NONE,Time_NONE,F1_NONE
0,0.9812,16.161444187164307,0.9812029973299446,0.982,15.857062816619873,0.9819976640045279,0.9574,13.02055287361145,0.9573840444335401,0.9712,13.020544290542603,0.9714067959494301
