,Accuracy_DO_BN,Time_DO_BN,F1_DO_BN,Accuracy_BN,Time_BN,F1_BN,Accuracy_DO,Time_DO,F1_DO,Accuracy_NONE,Time_NONE,F1_NONE
0,0.9396,32.03677272796631,0.9394713130967962,0.937,26.61054515838623,0.9370123023234933,0.9107,30.082820653915405,0.9104422662537694,0.8987,21.128403663635254,0.8984041546795642
